Determinant,Solo Total,Solo S,Solo R (PPV),Solo R (OR),Solo NWT (PPV),Solo NWT (OR),Solo+Aac6 Total,Solo+Aac6 S,Solo+Aac6 R (PPV),Solo+Aac6 R (OR),Solo+Aac6 NWT (PPV),Solo+Aac6 NWT (OR)
GyrA-83,81,2,64 (79.01%),260.77 (p=2.5e-97),79 (97.53%),833.26 (p=3.5e-101),21,2,18 (85.71%),2344.84 (p=2.9e-42),19 (90.48%),2014.83 (p=2.4e-41)
GyrA-83F,37,NA,29 (78.38%),208.8 (p=1.3e-43),37 (100%),-,3,1,2 (66.67%),515.62 (p=4.8e-05),2 (66.67%),326.76 (p=1.2e-04)
GyrA-83I,2,NA,2 (100%),-,2 (100%),-,1,1,0,NA,0,NA
GyrA-83L,7,NA,7 (100%),-,7 (100%),-,NA,NA,0,NA,0,NA
GyrA-83Y,35,2,26 (74.29%),164.01 (p=4.5e-38),33 (94.29%),321.07 (p=7.1e-41),17,NA,16 (94.12%),5874.91 (p=5.2e-39),17 (100%),-
GyrA-87,31,6,19 (61.29%),86.97 (p=1.6e-25),25 (80.65%),79.97 (p=2.1e-27),2,NA,2 (100%),-,2 (100%),-
GyrA-87G,8,5,3 (37.5%),30.71 (p=3.8e-04),3 (37.5%),11.11 (p=6.2e-03),1,NA,1 (100%),-,1 (100%),-
GyrA-87H,1,1,0,NA,0,NA,NA,NA,0,NA,0,NA
GyrA-87N,16,NA,12 (75%),159.74 (p=3.6e-18),16 (100%),-,NA,NA,0,NA,0,NA
GyrA-87Y,6,NA,4 (66.67%),102.84 (p=2.0e-06),6 (100%),-,1,NA,1 (100%),-,1 (100%),-
qepA2,1,NA,1 (100%),-,1 (100%),-,1,NA,1 (100%),-,1 (100%),-
qnrA1,19,1,17 (89.47%),150.11 (p=4.7e-20),18 (94.74%),168.1 (p=1.1e-17),1,NA,1 (100%),-,1 (100%),-
qnrB1.v1,12,5,5 (41.67%),12.38 (p=2.8e-04),7 (58.33%),12.95 (p=4.4e-05),3,NA,3 (100%),-,3 (100%),-
qnrB1.v2,162,26,77 (47.53%),17.5 (p=5.3e-54),136 (83.95%),54.18 (p=3.8e-112),744,29,699 (93.95%),1289.15 (p=0.0e+00),715 (96.1%),1641.83 (p=0.0e+00)
qnrB17,24,NA,24 (100%),-,24 (100%),-,1,NA,1 (100%),-,1 (100%),-
qnrB19,12,2,8 (66.67%),34.83 (p=3.2e-08),10 (83.33%),46.37 (p=4.4e-09),7,NA,6 (85.71%),82.01 (p=6.8e-07),7 (100%),-
qnrB2.v1,12,2,8 (66.67%),34.83 (p=3.2e-08),10 (83.33%),46.37 (p=4.4e-09),3,1,2 (66.67%),27.21 (p=1.3e-02),2 (66.67%),25.58 (p=1.5e-02)
qnrB2.v2,1,NA,1 (100%),-,1 (100%),-,1,NA,1 (100%),-,1 (100%),-
qnrB4,36,3,25 (69.44%),40.61 (p=6.8e-24),33 (91.67%),104.04 (p=1.9e-30),11,NA,11 (100%),-,11 (100%),-
qnrB6,35,NA,35 (100%),-,35 (100%),-,39,1,36 (92.31%),170.15 (p=4.8e-39),38 (97.44%),506.76 (p=9.2e-43)
qnrB7,1,NA,1 (100%),-,1 (100%),-,NA,NA,0,NA,0,NA
qnrS1,437,20,333 (76.2%),108.91 (p=0.0e+00),417 (95.42%),294.32 (p=0.0e+00),90,2,84 (93.33%),211.14 (p=1.4e-91),88 (97.78%),623.57 (p=3.4e-99)
qnrS1?,1,NA,1 (100%),-,1 (100%),-,NA,NA,0,NA,0,NA
qnrS2,1,NA,1 (100%),-,1 (100%),-,NA,NA,0,NA,0,NA
